OrderID,OrderDate,Region,Category,PaymentMethod,Quantity,UnitPrice,Revenue,CustomerAge
ORD1564,2025-04-10,West,Clothing,Credit Card,3.0,392.17,1176.51,52.0
ORD1141,2025-02-08,East,Grocery,Cash,8.0,,2787.12,
ORD1435,2025-12-19,South,Toys,credit card,1.0,113.16,113.16,59.0
ORD1070,2025-03-31,SOUTH,Clothing,Cash,9.0,250.54,2254.86,67.0
ORD1291,2025-09-20, East ,Furniture,UPI,7.0,264.96,1854.72,24.0
ORD1258,2025-01-21, East ,Electronics,Cash,8.0,205.63,1645.04,47.0
ORD1000,2025-04-13,West,Toys,Cash,8.0,301.34,2410.72,56.0
ORD1229,2025-04-09,north,Electronics,credit card,4.0,420.77,1683.08,64.0
ORD1249,2025-01-12, East ,Furniture,credit card,9.0,436.53,3928.77,36.0
ORD1383,2025-06-09,East,Furniture,credit card,8.0,,1070.24,54.0
ORD1337,2025-02-11,north,Clothing,credit card,1.0,477.89,477.89,34.0
ORD1110,2025-07-02,,Grocery,cash ,8.0,94.13,753.04,21.0
ORD1294,2025-05-21, East ,Toys,cash ,9.0,397.9,3581.1,32.0
ORD1387,2025-03-22,north,Toys,UPI,9.0,396.89,3572.01,66.0
ORD1455,2025-06-25,West,Furniture,cash ,1.0,57.1,57.1,66.0
ORD1200,2025-05-26,SOUTH,Toys,Credit Card,1.0,455.62,455.62,32.0
ORD1333,2025-11-10, East ,Toys,Credit Card,5.0,417.98,2089.9,62.0
ORD1159,2025-02-18, East ,Electronics,credit card,7.0,216.26,1513.82,36.0
ORD1441,2025-08-03,North,,UPI,2.0,61.67,123.34,47.0
ORD1321,2025-06-13, East ,,cash ,6.0,415.52,2493.12,69.0
ORD1053,2025-11-18, East ,Grocery,Credit Card,6.0,297.46,1784.76,39.0
ORD1557,2025-05-19,South,Electronics,Credit Card,4.0,474.86,1899.44,64.0
ORD1451,2025-06-05,West,Electronics,Cash,9.0,18.57,167.13,50.0
ORD1248,2025-11-10,SOUTH,Clothing,,9.0,86.18,775.62,31.0
ORD1280,2025-03-23,north,Electronics,Cash,1.0,64.5,64.5,24.0
ORD1101,2025-09-17,SOUTH,Electronics,Credit Card,8.0,,2487.76,45.0
ORD1422,2025-08-10,North,Furniture,Cash,4.0,439.23,1756.92,19.0
ORD1507,2025-01-28,SOUTH,Electronics,Debit Card,5.0,147.27,736.35,52.0
ORD1426,2025-11-20,East,Electronics,UPI,8.0,478.13,3825.04,
ORD1327,2025-05-29,North,Furniture,cash ,3.0,92.99,278.97,33.0
ORD1446,2025-01-28,East,Furniture,cash ,5.0,451.71,2258.55,55.0
ORD1154,2025-10-18, East ,Furniture,Credit Card,6.0,176.44,1058.64,35.0
ORD1499,2025-01-13,north,Electronics,Debit Card,1.0,339.67,339.67,42.0
ORD1526,2025-10-21,,Clothing,cash ,3.0,87.05,261.15,46.0
ORD1529,2025-12-21,West,Grocery,UPI,9.0,113.46,1021.14,54.0
ORD1385,2025-11-01,East,Grocery,Credit Card,5.0,306.22,1531.1,
ORD1324,2025-06-09,north,Grocery,cash ,2.0,326.85,653.7,36.0
ORD1155,2025-12-13,North,Grocery,Cash,3.0,127.87,383.61,42.0
ORD1236,2025-06-02,SOUTH,Electronics,cash ,4.0,218.0,872.0,55.0
ORD1293,2025-09-20,SOUTH,Electronics,Debit Card,8.0,265.62,2124.96,64.0
ORD1485,2025-12-24,West,Clothing,UPI,8.0,151.17,1209.36,51.0
ORD1370,2025-05-26, East ,Furniture,Credit Card,9.0,466.89,4202.01,62.0
ORD1388,2025-01-17,South,,Credit Card,5.0,74.78,373.9,39.0
ORD1536,2025-11-18, East ,Grocery,cash ,5.0,126.67,633.35,46.0
ORD1417,2025-09-27,South,Electronics,Cash,3.0,413.89,1241.67,36.0
ORD1354,2025-01-22,West,Toys,credit card,2.0,58.43,116.86,38.0
ORD1371,2025-06-10,North,Furniture,Debit Card,6.0,495.61,2973.66,28.0
ORD1132,2025-09-18, East ,Clothing,Debit Card,2.0,,329.14,19.0
ORD1384,2025-11-10,north,Clothing,credit card,3.0,363.95,1091.85,54.0
ORD1496,2025-11-03,north,Grocery,Credit Card,6.0,191.77,1150.62,29.0
ORD1515,2025-11-09,SOUTH,Furniture,Cash,5.0,325.0,1625.0,24.0
ORD1498,2025-11-12,East,Electronics,,7.0,130.84,915.88,60.0
ORD1509,2025-10-30,north,Clothing,,5.0,455.98,2279.9,19.0
ORD1574,2025-08-02,north,Grocery,UPI,7.0,472.5,3307.5,30.0
ORD1239,2025-04-05,SOUTH,Grocery,credit card,9.0,430.76,3876.84,55.0
ORD1134,2025-02-07, East ,Grocery,cash ,1.0,426.11,426.11,61.0
ORD1202,2025-03-02,north,Grocery,Debit Card,6.0,491.25,2947.5,63.0
ORD1272,2025-05-31,SOUTH,Toys,Debit Card,2.0,104.92,209.84,25.0
ORD1108,2025-05-18,North,Clothing,Credit Card,4.0,232.27,929.08,51.0
ORD1098,2025-11-07,SOUTH,Furniture,Credit Card,5.0,499.86,2499.3,55.0
ORD1142,2025-01-15, East ,Toys,,4.0,372.02,1488.08,44.0
ORD1504,2025-05-17,North,Grocery,cash ,8.0,,2604.96,53.0
ORD1595,2025-11-27,South,Clothing,UPI,6.0,194.73,1168.38,53.0
ORD1273,2025-12-07,North,Toys,cash ,5.0,481.86,2409.3,64.0
ORD1447,2025-12-16,South,Electronics,Credit Card,3.0,227.18,681.54,62.0
ORD1220,2025-09-15,SOUTH,Toys,credit card,7.0,100.6,704.2,
ORD1259,2025-03-28,,Furniture,cash ,2.0,94.58,189.16,22.0
ORD1099,2025-09-16,north,Toys,credit card,5.0,379.76,1898.8,36.0
ORD1342,2025-11-29,North,Grocery,Credit Card,3.0,40.27,120.81,
ORD1213,2025-10-11,north,Toys,Credit Card,2.0,250.1,500.2,49.0
ORD1571,2025-05-04,North,Electronics,Debit Card,5.0,156.85,784.25,44.0
ORD1566,2025-08-04,East,Toys,Cash,6.0,275.48,1652.88,66.0
ORD1179,2025-06-22,North,Clothing,credit card,2.0,87.31,174.62,60.0
ORD1146,2025-06-06,north,Toys,Debit Card,2.0,11.04,22.08,68.0
ORD1168,2025-11-26, East ,Electronics,credit card,3.0,65.77,197.31,36.0
ORD1316,2025-05-23,SOUTH,Furniture,credit card,4.0,108.21,432.84,64.0
ORD1270,2025-10-03,north,Clothing,Cash,2.0,164.95,329.9,46.0
ORD1109,2025-09-19,north,,credit card,3.0,270.95,812.85,40.0
ORD1013,2025-05-09,West,Grocery,Cash,1.0,357.11,357.11,52.0
ORD1409,2025-10-06,SOUTH,Electronics,credit card,3.0,20.4,61.2,33.0
ORD1060,2025-07-11, East ,Toys,cash ,7.0,28.62,200.34,
ORD1505,2025-04-19, East ,Toys,credit card,2.0,200.39,400.78,25.0
ORD1569,2025-05-31,South,Grocery,Credit Card,5.0,40.09,200.45,31.0
ORD1283,2025-04-12,South,Grocery,,8.0,,2686.16,27.0
ORD1261,2025-05-10, East ,Electronics,Cash,9.0,484.86,4363.74,19.0
ORD1450,2025-05-02,SOUTH,Furniture,Debit Card,2.0,195.2,390.4,20.0
ORD1308,2025-12-20, East ,Furniture,cash ,4.0,481.02,1924.08,46.0
ORD1003,2025-07-11,West,Toys,Credit Card,,8.5,51.0,42.0
ORD1419,2025-09-08,West,Electronics,Debit Card,3.0,437.01,1311.03,31.0
ORD1446,2025-01-28,East,Furniture,cash ,5.0,451.71,2258.55,55.0
ORD1560,2025-04-06, East ,Grocery,cash ,1.0,65.41,65.41,56.0
ORD1187,2025-01-17,South,Electronics,Credit Card,8.0,380.4,3043.2,48.0
ORD1320,2025-09-13,South,Electronics,UPI,9.0,242.28,2180.52,50.0
ORD1052,2025-09-21,SOUTH,Furniture,Cash,,18.67,130.69,51.0
ORD1017,2025-08-15,north,Grocery,Credit Card,5.0,282.83,1414.15,31.0
ORD1165,2025-09-12,north,Electronics,credit card,3.0,444.29,1332.87,45.0
ORD1050,2025-10-26,SOUTH,,UPI,,212.79,1489.53,67.0
ORD1191,2025-09-27, East ,Toys,Credit Card,3.0,462.58,1387.74,67.0
ORD1115,2025-08-27,SOUTH,Grocery,credit card,1.0,142.05,142.05,18.0
ORD1451,2025-06-05,West,Electronics,Cash,9.0,18.57,167.13,50.0
ORD1463,2025-02-11,South,Toys,Cash,1.0,256.19,256.19,61.0
ORD1544,2025-11-08,East,Toys,,3.0,144.84,434.52,
ORD1591,2025-09-05,West,Electronics,Cash,9.0,336.98,3032.82,67.0
ORD1066,2025-01-04, East ,Clothing,Credit Card,4.0,,1159.44,67.0
ORD1057,2025-05-27,North,Grocery,Debit Card,7.0,129.18,904.26,43.0
ORD1240,2025-09-24,SOUTH,Grocery,,1.0,55.88,55.88,63.0
ORD1523,2025-04-12,SOUTH,Furniture,Credit Card,9.0,346.55,3118.95,43.0
ORD1030,2025-07-03,East,Electronics,cash ,8.0,237.8,1902.4,51.0
ORD1281,2025-03-30,north,Electronics,Debit Card,7.0,283.9,1987.3,36.0
ORD1055,2025-09-21,north,Furniture,Debit Card,5.0,231.35,1156.75,23.0
ORD1381,2025-11-25,north,Furniture,Cash,4.0,311.75,1247.0,60.0
ORD1452,2025-06-16,South,Furniture,credit card,7.0,75.58,529.06,18.0
ORD1022,2025-01-28,West,Furniture,Debit Card,7.0,448.57,3139.99,
ORD1379,2025-02-05,north,Furniture,UPI,6.0,134.54,807.24,52.0
ORD1214,2025-11-14,north,Grocery,UPI,3.0,177.17,531.51,51.0
ORD1440,2025-09-07,north,Electronics,Cash,7.0,360.2,2521.4,64.0
ORD1051,2025-01-13,West,Clothing,Credit Card,4.0,400.16,1600.64,18.0
ORD1046,2025-02-15,north,Grocery,Debit Card,9.0,,4290.93,46.0
ORD1209,2025-11-25,,Toys,UPI,9.0,198.63,1787.67,45.0
ORD1521,2025-01-25,South,Grocery,credit card,3.0,77.75,233.25,25.0
ORD1140,2025-06-02,North,Electronics,UPI,5.0,453.7,2268.5,68.0
ORD1558,2025-06-02,East,Toys,credit card,6.0,391.46,2348.76,42.0
ORD1514,2025-08-12,north,Electronics,Credit Card,7.0,261.39,1829.73,69.0
ORD1442,2025-06-10, East ,,UPI,5.0,64.91,324.55,45.0
ORD1397,2025-03-13,,Electronics,cash ,8.0,262.49,2099.92,37.0
ORD1465,2025-05-05,East,Toys,UPI,4.0,203.88,815.52,34.0
ORD1466,2025-04-09,West,Clothing,cash ,9.0,397.3,3575.7,36.0
ORD1252,2025-12-18,North,Grocery,Cash,3.0,341.71,1025.13,46.0
ORD1222,2025-07-07,north,Grocery,cash ,3.0,381.71,1145.13,27.0
ORD1392,2025-05-23,north,Furniture,Debit Card,9.0,282.29,2540.61,45.0
ORD1453,2025-07-12, East ,Furniture,Cash,2.0,320.27,640.54,150.0
ORD1097,2025-06-26,north,Electronics,UPI,9.0,210.34,1893.06,18.0
ORD1467,2025-06-14,,Toys,Debit Card,5.0,240.4,1202.0,53.0
ORD1561,2025-05-06,North,Electronics,UPI,9.0,101.64,914.76,30.0
ORD1458,2025-08-22,East,Clothing,cash ,5.0,148.18,740.9,54.0
ORD1023,2025-07-09,North,Electronics,Credit Card,9.0,409.92,3689.28,58.0
ORD1487,2025-08-21,SOUTH,Toys,credit card,5.0,111.24,556.2,36.0
ORD1355,2025-10-10,South,,Debit Card,6.0,273.41,1640.46,50.0
ORD1292,2025-11-08,North,Clothing,credit card,8.0,481.65,3853.2,21.0
ORD1300,2025-03-19,north,Toys,Credit Card,9.0,493.95,4445.55,52.0
ORD1580,2025-01-02,West,Clothing,cash ,6.0,76.25,457.5,56.0
ORD1242,2025-08-30,West,,UPI,1.0,48.49,48.49,30.0
ORD1588,2025-06-13,East,Electronics,UPI,4.0,364.23,1456.92,63.0
ORD1306,2025-05-29,SOUTH,Clothing,Cash,6.0,119.26,715.56,20.0
ORD1284,2025-09-22,East,Toys,UPI,8.0,261.95,2095.6,23.0
ORD1192,2025-11-11, East ,Toys,UPI,4.0,423.05,1692.2,35.0
ORD1598,2025-12-11, East ,Electronics,Debit Card,,448.2,448.2,26.0
ORD1082,2025-01-05,north,Toys,cash ,3.0,292.75,878.25,
ORD1576,2025-12-04, East ,Clothing,Credit Card,9.0,10.68,96.12,46.0
ORD1232,2025-09-14,South,Furniture,cash ,2.0,110.49,220.98,66.0
ORD1401,2025-09-03,,Electronics,,7.0,483.73,3386.11,62.0
ORD1038,2025-04-26,East,,Debit Card,6.0,336.15,2016.9,52.0
ORD1549,2025-01-24,,Furniture,Cash,2.0,438.56,877.12,120.0
ORD1010,2025-07-21,SOUTH,Furniture,cash ,,287.37,2298.96,57.0
ORD1565,2025-03-19,South,Electronics,cash ,2.0,221.64,443.28,21.0
ORD1032,2025-12-15,,,Debit Card,4.0,13.21,52.84,20.0
ORD1204,2025-02-28,West,Toys,cash ,5.0,416.17,2080.85,63.0
ORD1380,2025-08-08,SOUTH,Clothing,cash ,9.0,389.47,3505.23,61.0
ORD1431,2025-09-14, East ,Electronics,UPI,1.0,24.68,24.68,23.0
ORD1414,2025-07-26,South,,Credit Card,6.0,337.01,2022.06,40.0
ORD1025,2025-06-21, East ,Grocery,cash ,8.0,352.99,2823.92,66.0
ORD1305,2025-09-26,North,Furniture,UPI,5.0,39.62,198.1,49.0
ORD1586,2025-02-17,north,Grocery,cash ,4.0,352.06,1408.24,42.0
ORD1304,2025-06-13,East,Electronics,Credit Card,6.0,180.72,1084.32,21.0
ORD1322,2025-01-25,north,Toys,UPI,8.0,241.73,1933.84,21.0
ORD1455,2025-06-25,West,Furniture,cash ,1.0,57.1,57.1,66.0
ORD1023,2025-07-09,North,Electronics,Credit Card,9.0,409.92,3689.28,58.0
ORD1089,2025-02-16,North,Electronics,cash ,1.0,315.64,315.64,20.0
ORD1065,2025-08-11,South,Clothing,Cash,,271.99,271.99,62.0
ORD1377,2025-05-06, East ,Clothing,Cash,1.0,391.21,391.21,53.0
ORD1340,2025-09-04,South,Grocery,cash ,8.0,117.35,938.8,34.0
ORD1193,2025-04-13,North,Grocery,Debit Card,,443.07,886.14,60.0
ORD1289,2025-02-21,SOUTH,Grocery,credit card,3.0,292.56,877.68,59.0
ORD1430,2025-03-08,SOUTH,Furniture,UPI,8.0,302.32,2418.56,58.0
ORD1336,2025-02-03,West,Furniture,UPI,8.0,406.29,3250.32,46.0
ORD1228,2025-02-27, East ,Clothing,,2.0,498.58,997.16,34.0
ORD1357,2025-05-08,north,Clothing,UPI,8.0,127.11,1016.88,22.0
ORD1375,2025-02-04,,Clothing,Cash,5.0,421.76,2108.8,54.0
ORD1040,2025-12-04,,Grocery,credit card,9.0,92.08,828.72,21.0
ORD1449,2025-10-11,north,Grocery,UPI,4.0,338.12,1352.48,26.0
ORD1235,2025-12-15,West,Toys,Debit Card,3.0,96.8,290.4,
ORD1318,2025-06-07,SOUTH,Grocery,,9.0,,1481.85,52.0
ORD1172,2025-12-08,West,Electronics,UPI,8.0,492.76,3942.08,40.0
ORD1277,2025-03-31,SOUTH,Furniture,UPI,2.0,304.45,608.9,26.0
ORD1525,2025-08-14, East ,Toys,UPI,5.0,481.34,2406.7,23.0
ORD1572,2025-05-20,North,Electronics,credit card,9.0,439.6,74520.0681971047,
ORD1329,2025-12-25,West,Furniture,credit card,4.0,329.58,1318.32,55.0
ORD1244,2025-03-31,SOUTH,Clothing,UPI,2.0,25.39,50.78,61.0
ORD1056,2025-12-31,West,Grocery,Debit Card,2.0,260.57,521.14,47.0
ORD1217,2025-12-11,north,Clothing,Debit Card,,98.66,591.96,22.0
ORD1071,2025-03-16,north,Furniture,Credit Card,5.0,483.95,2419.75,53.0
ORD1416,2025-01-30, East ,Grocery,Debit Card,1.0,25.8,25.8,41.0
ORD1404,2025-10-08,West,Clothing,,,486.86,2434.3,45.0
ORD1090,2025-05-24, East ,Electronics,Cash,8.0,200.29,1602.32,41.0
ORD1166,2025-09-21,South,Grocery,cash ,8.0,404.39,3235.12,33.0
ORD1285,2025-04-27,north,Clothing,Credit Card,5.0,202.42,1012.1,54.0
ORD1170,2025-01-11,South,Clothing,Cash,7.0,21.94,153.58,37.0
ORD1054,2025-11-01,West,Clothing,cash ,6.0,270.86,1625.16,54.0
ORD1394,2025-02-13,North,Clothing,,3.0,57.21,171.63,69.0
ORD1330,2025-08-19,South,Toys,Debit Card,3.0,187.04,561.12,45.0
ORD1245,2025-11-01,East,Toys,Cash,6.0,299.41,1796.46,26.0
ORD1066,2025-01-04, East ,Clothing,Credit Card,4.0,,1159.44,67.0
ORD1271,2025-07-04, East ,Grocery,UPI,7.0,335.1,2345.7,37.0
ORD1378,2025-11-22,,Furniture,Debit Card,9.0,376.93,3392.37,41.0
ORD1425,2025-12-23,East,Furniture,Credit Card,5.0,51.46,257.3,
ORD1543,2025-10-05,South,Toys,Credit Card,,292.9,1171.6,28.0
ORD1559,2025-02-20,West,Electronics,Credit Card,8.0,83.72,669.76,32.0
ORD1120,2025-07-21, East ,Electronics,Credit Card,7.0,49.16,344.12,
ORD1319,2025-03-07,East,Clothing,Cash,2.0,478.87,957.74,35.0
ORD1087,2025-11-08,North,Toys,cash ,5.0,26.48,132.4,38.0
ORD1188,2025-05-29,North,Toys,cash ,6.0,490.39,2942.34,35.0
ORD1343,2025-01-17,north,Furniture,credit card,8.0,,27101.768205300275,63.0
ORD1173,2025-05-08,North,Clothing,Cash,1.0,138.0,138.0,57.0
ORD1489,2025-05-28,South,Clothing,Debit Card,4.0,155.08,620.32,32.0
ORD1477,2025-07-08, East ,Clothing,cash ,6.0,362.74,2176.44,27.0
ORD1530,2025-03-30,South,Grocery,cash ,6.0,11.45,68.7,23.0
ORD1439,2025-11-28,north,Toys,credit card,1.0,412.78,412.78,
ORD1118,2025-01-14,East,Grocery,Cash,7.0,258.28,1807.96,64.0
ORD1119,2025-10-01,South,Grocery,Cash,9.0,370.02,3330.18,45.0
ORD1328,2025-09-09,,Furniture,Debit Card,7.0,118.3,828.1,54.0
ORD1454,2025-05-06,East,Electronics,,6.0,,2545.98,25.0
ORD1243,2025-03-18,West,Clothing,cash ,7.0,70.69,494.83,56.0
ORD1138,2025-03-03,West,Electronics,credit card,9.0,343.08,3087.72,25.0
ORD1145,2025-04-28,SOUTH,Toys,Debit Card,8.0,303.96,2431.68,32.0
ORD1148,2025-12-26,SOUTH,Clothing,cash ,8.0,255.41,2043.28,42.0
ORD1344,2025-08-16,East,Furniture,Cash,7.0,393.0,2751.0,68.0
ORD1528,2025-11-29,South,,Debit Card,6.0,58.9,6656.402815907592,21.0
ORD1162,2025-08-10,SOUTH,Grocery,Debit Card,,170.51,170.51,56.0
ORD1597,2025-08-26,East,Clothing,Credit Card,9.0,107.08,963.72,60.0
ORD1114,2025-10-28,East,Electronics,UPI,9.0,243.17,2188.53,39.0
ORD1147,2025-08-31,West,,UPI,5.0,414.27,2071.35,27.0
ORD1150,2025-10-20, East ,Clothing,Credit Card,9.0,214.94,1934.46,46.0
ORD1583,2025-05-14, East ,Grocery,UPI,9.0,354.78,60141.560043150144,65.0
ORD1390,2025-05-05, East ,Furniture,cash ,3.0,30.72,92.16,66.0
ORD1382,2025-01-21,West,Clothing,Credit Card,7.0,47.78,334.46,32.0
ORD1031,2025-07-17,SOUTH,Grocery,Credit Card,9.0,163.79,1474.11,23.0
ORD1568,2025-01-13,SOUTH,Grocery,Cash,9.0,82.85,745.65,21.0
ORD1221,2025-02-15,East,Electronics,Credit Card,1.0,62.34,62.34,51.0
ORD1335,2025-07-07,East,Toys,Debit Card,7.0,78.87,552.09,21.0
ORD1020,2025-05-23,East,Toys,,7.0,148.43,1039.01,39.0
ORD1473,2025-07-22,North,Grocery,UPI,1.0,433.46,433.46,31.0
ORD1113,2025-05-13,North,Furniture,UPI,2.0,68.73,137.46,43.0
ORD1372,2025-12-25,North,Clothing,credit card,9.0,284.95,2564.55,27.0
ORD1000,2025-04-13,West,Toys,Cash,8.0,301.34,2410.72,56.0
ORD1256,2025-03-07, East ,Clothing,Debit Card,6.0,329.23,1975.38,
ORD1445,2025-09-23,SOUTH,Clothing,Cash,6.0,62.29,373.74,56.0
ORD1313,2025-08-14,north,Furniture,Credit Card,7.0,135.24,946.68,19.0
ORD1074,2025-08-05,East,Electronics,cash ,1.0,269.49,269.49,37.0
ORD1358,2025-01-03,North,Furniture,Cash,2.0,106.0,212.0,27.0
ORD1540,2025-07-25,North,Clothing,credit card,4.0,196.23,784.92,44.0
ORD1002,2025-06-01,East,Toys,UPI,8.0,,3336.48,55.0
ORD1592,2025-07-31,north,Electronics,credit card,7.0,29.76,208.32,69.0
ORD1058,2025-04-27,SOUTH,Electronics,Debit Card,5.0,33.81,169.05,18.0
ORD1519,2025-03-31,North,Toys,,2.0,324.07,648.14,49.0
ORD1403,2025-02-28, East ,Grocery,credit card,9.0,51.05,459.45,21.0
ORD1339,2025-04-07,South,Clothing,UPI,8.0,233.43,1867.44,28.0
ORD1004,2025-02-18,East,Grocery,,,194.32,582.96,69.0
ORD1278,2025-06-10,North,Electronics,credit card,9.0,49.79,448.11,48.0
ORD1080,2025-05-26, East ,Furniture,Credit Card,1.0,55.06,55.06,24.0
ORD1026,2025-11-14,North,Clothing,Debit Card,7.0,251.14,1757.98,66.0
ORD1216,2025-12-02,West,Electronics,Cash,9.0,170.33,1532.97,62.0
ORD1410,2025-03-07,,Furniture,cash ,9.0,329.36,2964.24,18.0
ORD1511,2025-01-17,West,Furniture,credit card,,481.93,4337.37,43.0
ORD1147,2025-08-31,West,,UPI,5.0,414.27,2071.35,27.0
ORD1014,2025-10-16,East,Toys,UPI,7.0,,2290.96,45.0
ORD1174,2025-08-25,North,Electronics,cash ,6.0,418.29,2509.74,21.0
ORD1086,2025-11-13, East ,Electronics,Credit Card,3.0,293.77,881.31,66.0
ORD1165,2025-09-12,north,Electronics,credit card,3.0,444.29,1332.87,45.0
ORD1539,2025-04-27,SOUTH,Grocery,Cash,1.0,224.96,224.96,43.0
ORD1059,2025-08-27,South,Electronics,credit card,5.0,320.94,1604.7,56.0
ORD1533,2025-04-04,North,Grocery,Credit Card,4.0,284.72,1138.88,39.0
ORD1164,2025-02-24,West,Clothing,credit card,8.0,18.41,147.28,20.0
ORD1360,2025-03-27,South,Clothing,UPI,6.0,417.18,2503.08,31.0
ORD1041,2025-10-16,SOUTH,Toys,Debit Card,8.0,326.57,2612.56,24.0
ORD1346,2025-11-25,South,Clothing,,1.0,131.43,131.43,21.0
ORD1079,2025-08-11,,Toys,Cash,7.0,275.23,1926.61,28.0
ORD1367,2025-06-07,South,Grocery,Debit Card,3.0,251.64,754.92,63.0
ORD1028,2025-02-23, East ,Toys,Credit Card,1.0,123.58,123.58,19.0
ORD1480,2025-10-09,North,Grocery,Credit Card,4.0,417.9,1671.6,18.0
ORD1406,2025-12-30,West,Electronics,credit card,8.0,249.64,37616.39839192238,20.0
ORD1541,2025-03-23,,Electronics,UPI,1.0,99.84,99.84,62.0
ORD1351,2025-08-01,West,Grocery,cash ,1.0,324.68,324.68,52.0
ORD1084,2025-10-19,SOUTH,Furniture,Cash,6.0,354.02,2124.12,27.0
ORD1062,2025-03-10, East ,Electronics,cash ,4.0,91.79,367.16,
ORD1599,2025-12-04,East,Toys,UPI,6.0,216.66,1299.96,53.0
ORD1136,2025-01-01,SOUTH,Furniture,credit card,8.0,414.83,3318.64,54.0
ORD1111,2025-07-03,North,Grocery,Cash,2.0,302.96,605.92,68.0
ORD1194,2025-07-02, East ,Furniture,Credit Card,4.0,396.41,1585.64,42.0
ORD1479,2025-07-03,SOUTH,Electronics,cash ,3.0,498.92,1496.76,25.0
ORD1043,2025-08-26,SOUTH,Toys,Cash,6.0,453.52,2721.12,44.0
ORD1395,2025-10-06,North,Grocery,UPI,,223.33,669.99,28.0
ORD1129,2025-10-27,north,Clothing,cash ,4.0,215.59,862.36,50.0
ORD1415,2025-04-01,South,Furniture,,8.0,68.78,550.24,36.0
ORD1218,2025-08-23,north,Clothing,Credit Card,3.0,440.14,1320.42,59.0
ORD1096,2025-06-26,East,Toys,UPI,9.0,485.11,4365.99,44.0
ORD1124,2025-11-16,South,Grocery,Cash,6.0,304.86,1829.16,50.0
ORD1582,2025-03-25,East,Clothing,cash ,5.0,12.48,62.4,20.0
ORD1226,2025-10-12,West,Furniture,Cash,3.0,299.23,897.69,29.0
ORD1177,2025-01-17,north,,cash ,7.0,57.76,404.32,39.0
ORD1492,2025-12-27,West,Electronics,Credit Card,1.0,258.01,258.01,43.0
ORD1594,2025-10-23,East,Toys,UPI,3.0,111.6,334.8,50.0
ORD1581,2025-08-07,,Furniture,Cash,9.0,50.57,455.13,61.0
ORD1103,2025-11-02,West,Electronics,cash ,5.0,48.76,243.8,34.0
ORD1081,2025-06-23,north,Clothing,Credit Card,2.0,446.49,892.98,19.0
ORD1359,2025-10-29, East ,Grocery,Cash,2.0,,361.84,30.0
ORD1506,2025-09-20,West,Clothing,Cash,6.0,324.19,1945.14,38.0
ORD1264,2025-04-03,South,Furniture,,9.0,218.29,1964.61,37.0
ORD1323,2025-01-25, East ,Furniture,credit card,4.0,222.56,890.24,23.0
ORD1227,2025-01-07,north,Grocery,Credit Card,6.0,189.06,1134.36,49.0
ORD1301,2025-09-20,north,Clothing,Cash,6.0,225.67,1354.02,58.0
ORD1275,2025-05-16, East ,Electronics,Debit Card,8.0,398.78,3190.24,21.0
ORD1585,2025-03-24,South,Electronics,UPI,5.0,472.64,2363.2,39.0
ORD1263,2025-10-28, East ,Grocery,UPI,3.0,223.8,671.4,33.0
ORD1547,2025-04-22, East ,Furniture,cash ,9.0,185.36,1668.24,32.0
ORD1490,2025-01-22,SOUTH,Furniture,,7.0,361.72,2532.04,29.0
ORD1253,2025-07-26,,,Credit Card,5.0,364.95,1824.75,41.0
ORD1171,2025-09-18,north,,UPI,5.0,150.76,753.8,69.0
ORD1237,2025-11-15,SOUTH,Toys,credit card,2.0,399.79,799.58,28.0
ORD1411,2025-09-04, East ,Grocery,Debit Card,9.0,,1005.21,32.0
ORD1139,2025-10-22,SOUTH,Grocery,credit card,6.0,272.19,1633.14,32.0
ORD1303,2025-02-11,,Toys,cash ,4.0,47.4,189.6,50.0
ORD1267,2025-04-30,West,Furniture,cash ,4.0,138.53,554.12,19.0
ORD1555,2025-02-16,SOUTH,Furniture,cash ,5.0,273.52,1367.6,25.0
ORD1478,2025-10-25,SOUTH,Toys,Debit Card,2.0,170.04,340.08,52.0
ORD1212,2025-02-07,East,Toys,UPI,,45.12,90.24,65.0
ORD1198,2025-07-04,West,Electronics,UPI,9.0,171.5,1543.5,37.0
ORD1538,2025-02-03,East,Electronics,Credit Card,7.0,189.0,1323.0,37.0
ORD1015,2025-05-15,North,Furniture,UPI,1.0,36.46,36.46,40.0
ORD1163,2025-05-11,South,Clothing,Cash,2.0,207.32,414.64,40.0
ORD1457,2025-03-16,north,Furniture,,6.0,463.19,2779.14,
ORD1513,2025-10-10,SOUTH,Toys,UPI,,64.5,580.5,23.0
ORD1429,2025-06-28,,Furniture,Debit Card,4.0,195.33,781.32,62.0
ORD1037,2025-08-21,East,Grocery,Cash,4.0,444.11,1776.44,50.0
ORD1527,2025-01-08,West,Toys,Cash,1.0,72.81,72.81,28.0
ORD1206,2025-09-19,north,Toys,cash ,7.0,442.47,3097.29,52.0
ORD1295,2025-01-10,South,Electronics,credit card,8.0,386.12,3088.96,66.0
ORD1473,2025-07-22,North,Grocery,UPI,1.0,433.46,433.46,31.0
ORD1073,2025-04-06, East ,Toys,Debit Card,1.0,341.52,341.52,40.0
ORD1408,2025-06-12,West,Clothing,Credit Card,3.0,227.92,683.76,28.0
ORD1104,2025-04-22, East ,Toys,credit card,2.0,403.5,807.0,56.0
ORD1464,2025-01-21,West,Grocery,Debit Card,3.0,86.79,260.37,41.0
ORD1016,2025-03-03,north,Grocery,Debit Card,8.0,140.99,1127.92,52.0
ORD1091,2025-06-05,north,,Debit Card,,234.53,938.12,67.0
ORD1088,2025-07-22,West,Toys,Debit Card,3.0,349.23,1047.69,35.0
ORD1433,2025-08-29,East,Grocery,credit card,4.0,107.46,429.84,30.0
ORD1205,2025-11-26,East,Clothing,Credit Card,9.0,97.29,875.61,20.0
ORD1102,2025-04-05, East ,Clothing,UPI,2.0,240.72,481.44,20.0
ORD1238,2025-03-05,north,Electronics,,2.0,341.83,12876.956279353097,35.0
ORD1386,2025-06-10,South,Toys,Debit Card,9.0,426.05,3834.45,150.0
ORD1246,2025-12-25, East ,Electronics,UPI,8.0,473.94,3791.52,45.0
ORD1157,2025-05-30,South,Furniture,UPI,5.0,260.01,1300.05,34.0
ORD1326,2025-09-24,South,Toys,Credit Card,7.0,123.39,863.73,52.0
ORD1133,2025-03-25,North,Toys,Credit Card,1.0,62.76,62.76,32.0
ORD1418,2025-07-20,West,Furniture,credit card,7.0,312.57,2187.99,26.0
ORD1437,2025-01-17,north,Grocery,Cash,7.0,289.52,2026.64,56.0
ORD1018,2025-12-25,East,Electronics,UPI,,20.56,61.68,56.0
ORD1534,2025-04-03,SOUTH,Furniture,Credit Card,5.0,9.47,47.35,54.0
ORD1149,2025-04-21,West,Grocery,Debit Card,4.0,459.78,1839.12,-5.0
ORD1461,2025-05-06,West,Electronics,credit card,6.0,273.0,1638.0,
ORD1274,2025-10-17,North,Clothing,Cash,2.0,125.85,251.7,43.0
ORD1484,2025-05-03,SOUTH,Clothing,Credit Card,7.0,421.83,2952.81,33.0
ORD1548,2025-07-14, East ,Grocery,credit card,4.0,348.34,1393.36,41.0
ORD1311,2025-04-28,north,Furniture,Debit Card,1.0,421.81,421.81,38.0
ORD1423,2025-12-27,north,Electronics,credit card,1.0,146.22,146.22,29.0
ORD1404,2025-10-08,West,Clothing,,,486.86,2434.3,45.0
ORD1268,2025-10-20,West,Clothing,credit card,1.0,,65.44,23.0
ORD1034,2025-12-04,,Grocery,Debit Card,9.0,61.17,550.53,40.0
ORD1181,2025-09-24,East,Furniture,Credit Card,7.0,307.15,2150.05,51.0
ORD1184,2025-03-14,North,Electronics,Credit Card,9.0,353.94,3185.46,57.0
ORD1207,2025-01-20,South,Electronics,credit card,3.0,380.33,1140.99,34.0
ORD1578,2025-03-23,South,Furniture,Credit Card,1.0,176.53,176.53,29.0
ORD1094,2025-09-13,north,Electronics,UPI,8.0,438.95,3511.6,62.0
ORD1531,2025-09-17,West,Grocery,credit card,2.0,350.66,701.32,60.0
ORD1563,2025-03-17, East ,Toys,Credit Card,1.0,193.36,193.36,32.0
ORD1353,2025-05-29,SOUTH,Furniture,Cash,6.0,377.83,2266.98,42.0
ORD1122,2025-08-21,north,Clothing,Debit Card,6.0,295.49,1772.94,25.0
ORD1369,2025-07-11,East,Toys,Debit Card,7.0,369.08,2583.56,50.0
ORD1493,2025-10-01,SOUTH,,UPI,8.0,6.89,55.12,22.0
ORD1364,2025-12-25,north,Clothing,cash ,4.0,94.75,379.0,62.0
ORD1078,2025-02-22, East ,Electronics,credit card,5.0,249.74,1248.7,56.0
ORD1350,2025-06-02,East,Furniture,UPI,,86.02,774.18,69.0
ORD1061,2025-05-24,East,,cash ,9.0,174.23,1568.07,45.0
ORD1251,2025-11-03,West,Clothing,cash ,2.0,,656.74,54.0
ORD1125,2025-05-30,north,Furniture,cash ,8.0,448.9,3591.2,20.0
ORD1587,2025-10-11,North,Electronics,credit card,4.0,468.45,1873.8,26.0
ORD1459,2025-05-02,north,Toys,UPI,5.0,239.63,1198.15,23.0
ORD1201,2025-03-14, East ,Electronics,Credit Card,8.0,66.6,532.8,54.0
ORD1347,2025-03-19,North,Electronics,Credit Card,7.0,25.77,180.39,67.0
ORD1508,2025-01-13,North,Electronics,cash ,6.0,260.35,1562.1,61.0
ORD1562,2025-03-11,SOUTH,Furniture,Debit Card,5.0,428.99,2144.95,66.0
ORD1407,2025-03-17,West,Clothing,credit card,8.0,48.15,385.2,50.0
ORD1067,2025-06-12,West,Electronics,Credit Card,3.0,411.22,1233.66,29.0
ORD1024,2025-09-16, East ,Grocery,Credit Card,5.0,347.76,1738.8,59.0
ORD1500,2025-04-04,North,Toys,Debit Card,3.0,319.0,957.0,54.0
ORD1105,2025-07-11,West,Clothing,cash ,2.0,297.01,594.02,47.0
ORD1232,2025-09-14,South,Furniture,cash ,2.0,110.49,220.98,66.0
ORD1126,2025-08-31, East ,Toys,Debit Card,,60.46,483.68,19.0
ORD1553,2025-08-27,North,Toys,credit card,7.0,306.77,2147.39,47.0
ORD1334,2025-08-01,north,Clothing,credit card,4.0,188.85,755.4,66.0
ORD1491,2025-04-29, East ,Clothing,UPI,8.0,316.63,2533.04,28.0
ORD1178,2025-01-27,North,Grocery,UPI,9.0,249.67,2247.03,27.0
ORD1552,2025-06-28,SOUTH,Furniture,Debit Card,6.0,367.2,2203.2,53.0
ORD1570,2025-04-24, East ,,Cash,2.0,127.52,255.04,25.0
ORD1135,2025-11-30,north,Grocery,Credit Card,2.0,94.71,189.42,52.0
ORD1223,2025-08-21,South,Furniture,Debit Card,5.0,55.74,278.7,21.0
ORD1548,2025-07-14, East ,Grocery,credit card,4.0,348.34,1393.36,41.0
ORD1573,2025-04-28,East,Electronics,cash ,2.0,219.22,438.44,36.0
ORD1517,2025-02-14,SOUTH,Grocery,Debit Card,8.0,37.52,300.16,58.0
ORD1093,2025-07-20,North,Toys,Debit Card,3.0,412.16,1236.48,35.0
ORD1501,2025-10-25,North,Toys,cash ,7.0,252.7,1768.9,58.0
ORD1069,2025-02-04, East ,Electronics,UPI,8.0,195.77,1566.16,27.0
ORD1036,2025-01-02,North,Furniture,credit card,5.0,441.9,2209.5,26.0
ORD1296,2025-06-03,East,Toys,Debit Card,2.0,367.32,734.64,53.0
ORD1160,2025-11-14,SOUTH,Toys,Credit Card,8.0,295.79,2366.32,18.0
ORD1362,2025-08-31, East ,Grocery,credit card,4.0,195.76,783.04,21.0
ORD1011,2025-08-01,north,Clothing,credit card,8.0,181.59,1452.72,
ORD1144,2025-09-11,West,Clothing,UPI,5.0,439.0,2195.0,50.0
ORD1405,2025-09-22,West,Clothing,cash ,3.0,380.99,1142.97,28.0
ORD1518,2025-06-06,South,Clothing,Debit Card,7.0,337.46,2362.22,21.0
ORD1127,2025-08-08,East,Furniture,cash ,6.0,132.66,795.96,55.0
ORD1470,2025-07-03,West,Electronics,cash ,6.0,78.65,471.9,36.0
ORD1302,2025-08-29,East,Furniture,cash ,3.0,303.59,910.77,55.0
ORD1009,2025-02-23,South,Furniture,cash ,2.0,388.69,777.38,51.0
ORD1334,2025-08-01,north,Clothing,credit card,4.0,188.85,755.4,66.0
ORD1176,2025-11-22,South,Toys,UPI,4.0,251.55,1006.2,51.0
ORD1231,2025-04-02,north,Toys,credit card,4.0,201.81,807.24,22.0
ORD1210,2025-01-29,North,Grocery,Credit Card,2.0,431.75,863.5,26.0
ORD1128,2025-03-03,North,Clothing,Cash,8.0,240.93,1927.44,62.0
ORD1143,2025-06-06,SOUTH,Electronics,Credit Card,5.0,390.39,1951.95,50.0
ORD1241,2025-06-09, East ,Furniture,Debit Card,1.0,282.03,282.03,49.0
ORD1007,2025-02-22,South,Furniture,Debit Card,7.0,306.95,2148.65,25.0
ORD1531,2025-09-17,West,Grocery,credit card,2.0,350.66,701.32,60.0
ORD1298,2025-08-30,north,Electronics,Cash,,239.08,478.16,38.0
ORD1310,2025-05-25,West,Furniture,Cash,7.0,,1418.62,57.0
ORD1254,2025-10-20,West,Furniture,Debit Card,4.0,254.9,1019.6,67.0
ORD1428,2025-04-03,SOUTH,Toys,Cash,6.0,297.89,1787.34,46.0
ORD1532,2025-09-02,South,Clothing,credit card,8.0,387.68,3101.44,53.0
ORD1575,2025-03-25,SOUTH,Grocery,cash ,8.0,495.23,3961.84,41.0
ORD1008,2025-02-04,SOUTH,Electronics,Debit Card,2.0,332.95,665.9,19.0
ORD1156,2025-06-29,SOUTH,,Credit Card,1.0,391.35,391.35,60.0
ORD1027,2025-04-11,North,Electronics,Cash,1.0,488.42,488.42,45.0
ORD1436,2025-12-29,SOUTH,Electronics,Credit Card,8.0,48.11,384.88,58.0
ORD1266,2025-10-11,North,Grocery,credit card,5.0,269.09,1345.45,66.0
ORD1314,2025-12-27,north,Clothing,Cash,9.0,279.13,2512.17,28.0
ORD1064,2025-01-23,South,Clothing,cash ,5.0,443.91,2219.55,69.0
ORD1482,2025-02-04,South,Electronics,UPI,4.0,206.52,826.08,55.0
ORD1255,2025-06-26,East,Electronics,Debit Card,5.0,200.78,1003.9,53.0
ORD1472,2025-04-12,East,Electronics,cash ,8.0,223.41,1787.28,44.0
ORD1153,2025-05-29, East ,Electronics,credit card,9.0,106.76,960.84,43.0
ORD1048,2025-06-10,East,,Credit Card,6.0,349.53,2097.18,57.0
ORD1208,2025-08-04,East,Grocery,cash ,8.0,375.2,3001.6,42.0
ORD1468,2025-05-27, East ,Grocery,credit card,2.0,362.46,724.92,62.0
ORD1287,2025-01-21,,Grocery,credit card,9.0,329.07,2961.63,68.0
ORD1001,2025-05-02,East,Grocery,Cash,8.0,170.19,1361.52,57.0
ORD1427,2025-10-28, East ,Furniture,cash ,,173.7,1563.3,69.0
ORD1341,2025-12-09,,Grocery,credit card,1.0,224.42,224.42,25.0
ORD1269,2025-09-02,East,Toys,Credit Card,1.0,294.41,294.41,29.0
ORD1265,2025-09-21,East,Furniture,Credit Card,9.0,87.69,789.21,37.0
ORD1556,2025-08-29,East,Clothing,UPI,2.0,391.41,782.82,26.0
ORD1520,2025-01-28,SOUTH,Electronics,Credit Card,7.0,74.7,522.9,43.0
ORD1496,2025-11-03,north,Grocery,Credit Card,6.0,191.77,1150.62,29.0
ORD1368,2025-07-30,SOUTH,Toys,Debit Card,6.0,108.87,653.22,53.0
ORD1095,2025-01-05, East ,Electronics,cash ,1.0,242.78,242.78,64.0
ORD1590,2025-09-01,East,Toys,Credit Card,4.0,220.03,880.12,26.0
ORD1352,2025-05-02,SOUTH,Electronics,Debit Card,9.0,274.29,2468.61,38.0
ORD1042,2025-07-14,North,Electronics,Debit Card,3.0,319.98,959.94,39.0
ORD1361,2025-01-14,North,Clothing,credit card,9.0,340.8,3067.2,33.0
ORD1471,2025-06-03,West,Furniture,Debit Card,6.0,296.42,1778.52,
ORD1329,2025-12-25,West,Furniture,credit card,4.0,329.58,1318.32,55.0
ORD1116,2025-01-08,North,Grocery,credit card,4.0,108.63,434.52,39.0
ORD1424,2025-02-04,East,Clothing,credit card,5.0,36.5,182.5,37.0
ORD1045,2025-05-27,West,Grocery,Credit Card,1.0,497.3,497.3,47.0
ORD1161,2025-03-19,East,Clothing,UPI,6.0,223.18,1339.08,67.0
ORD1542,2025-04-26, East ,Clothing,Cash,9.0,24.27,218.43,18.0
ORD1117,2025-01-14,South,Furniture,cash ,,361.66,2893.28,43.0
ORD1288,2025-09-28,West,Toys,credit card,6.0,101.31,607.86,31.0
ORD1077,2025-02-21,,Clothing,credit card,5.0,150.14,750.7,42.0
ORD1546,2025-12-28,West,Clothing,Debit Card,8.0,97.14,777.12,
ORD1389,2025-04-22,North,Clothing,UPI,2.0,431.68,863.36,68.0
ORD1200,2025-05-26,SOUTH,Toys,Credit Card,1.0,455.62,455.62,32.0
ORD1412,2025-07-10,north,Grocery,Credit Card,5.0,207.11,1035.55,69.0
ORD1063,2025-08-06,South,Toys,Debit Card,1.0,235.01,235.01,54.0
ORD1338,2025-04-30,North,Electronics,Credit Card,2.0,221.61,443.22,46.0
ORD1315,2025-11-19,West,,Debit Card,2.0,260.26,520.52,52.0
ORD1299,2025-05-30,north,Grocery,Debit Card,,275.62,1929.34,27.0
ORD1399,2025-02-09,SOUTH,Electronics,Debit Card,1.0,21.52,21.52,25.0
ORD1230,2025-03-25,SOUTH,Grocery,Cash,3.0,475.68,1427.04,61.0
ORD1297,2025-03-01, East ,Clothing,Credit Card,2.0,384.49,768.98,27.0
ORD1186,2025-04-12,South,Furniture,Cash,5.0,50.33,251.65,66.0
ORD1503,2025-01-13,South,,credit card,4.0,425.92,1703.68,33.0
ORD1199,2025-03-06,SOUTH,Electronics,Cash,8.0,147.18,1177.44,21.0
ORD1420,2025-04-30,SOUTH,Toys,credit card,4.0,52.78,211.12,47.0
ORD1365,2025-01-20,North,Furniture,credit card,3.0,37.1,111.3,
ORD1510,2025-12-03,West,Clothing,Cash,9.0,369.42,3324.78,55.0
ORD1396,2025-09-25,South,Furniture,Debit Card,9.0,290.91,2618.19,38.0
ORD1121,2025-01-25,North,Toys,Debit Card,9.0,341.16,3070.44,20.0
ORD1593,2025-02-16, East ,Electronics,Credit Card,5.0,43.19,215.95,51.0
ORD1247,2025-11-14,West,Grocery,Cash,4.0,278.74,1114.96,23.0
ORD1307,2025-12-08,SOUTH,Clothing,Debit Card,2.0,184.66,369.32,52.0
ORD1589,2025-04-16,SOUTH,Electronics,UPI,2.0,,745.4,67.0
ORD1476,2025-12-18,East,Grocery,Cash,5.0,257.66,1288.3,63.0
ORD1363,2025-01-20,South,Grocery,UPI,5.0,333.21,1666.05,57.0
ORD1158,2025-03-25,North,Electronics,,6.0,431.01,2586.06,57.0
ORD1085,2025-12-12,East,Grocery,credit card,,236.99,473.98,37.0
ORD1469,2025-02-16,West,Toys,cash ,7.0,,467.53,
ORD1225,2025-07-12,SOUTH,Clothing,Cash,2.0,436.41,872.82,64.0
ORD1376,2025-02-18,north,Clothing,credit card,4.0,71.07,284.28,
ORD1262,2025-06-12,north,Toys,Credit Card,8.0,301.36,2410.88,53.0
ORD1331,2025-01-14, East ,Toys,credit card,6.0,482.09,2892.54,19.0
ORD1233,2025-10-08,West,Clothing,Debit Card,8.0,83.83,670.64,42.0
ORD1076,2025-08-21,East,Furniture,Credit Card,7.0,478.62,3350.34,48.0
ORD1475,2025-02-17, East ,Electronics,Debit Card,1.0,321.9,321.9,
ORD1545,2025-10-30, East ,Clothing,credit card,5.0,382.74,1913.7,40.0
ORD1421,2025-09-22,North,Furniture,Credit Card,5.0,152.13,760.65,31.0
ORD1182,2025-02-24, East ,Toys,Credit Card,4.0,272.22,1088.88,36.0
ORD1332,2025-03-03,East,Toys,cash ,6.0,133.61,801.66,27.0
ORD1438,2025-07-11,,Grocery,Cash,1.0,197.99,197.99,36.0
ORD1049,2025-06-23,South,Clothing,Cash,2.0,164.66,329.32,57.0
ORD1005,2025-11-16,North,Grocery,credit card,3.0,341.75,1025.25,26.0
ORD1234,2025-05-25,north,,Cash,2.0,381.71,763.42,20.0
ORD1486,2025-10-22,East,Grocery,cash ,,240.84,1685.88,18.0
ORD1551,2025-12-23,North,Clothing,cash ,5.0,155.45,777.25,20.0
ORD1497,2025-06-28,north,Electronics,,7.0,249.44,1746.08,50.0
ORD1106,2025-12-01,East,Grocery,UPI,4.0,275.99,1103.96,50.0
ORD1443,2025-03-25,North,Electronics,Debit Card,3.0,180.61,541.83,56.0
ORD1488,2025-11-09,,Electronics,cash ,4.0,314.27,1257.08,69.0
ORD1012,2025-02-10,north,Toys,Credit Card,9.0,493.51,4441.59,41.0
ORD1190,2025-10-15,South,Electronics,UPI,5.0,,1196.2,24.0
ORD1282,2025-11-12,north,Electronics,Credit Card,1.0,275.12,275.12,52.0
ORD1029,2025-02-22,West,Clothing,cash ,7.0,337.71,2363.97,28.0
ORD1169,2025-02-05,north,,UPI,2.0,455.76,911.52,22.0
ORD1180,2025-07-12,East,Toys,Debit Card,3.0,126.45,379.35,38.0
ORD1100,2025-05-25,north,Electronics,cash ,1.0,477.26,477.26,30.0
ORD1197,2025-02-08,SOUTH,Furniture,credit card,1.0,203.96,203.96,61.0
ORD1495,2025-05-17,East,Clothing,Debit Card,4.0,395.52,1582.08,32.0
ORD1596,2025-11-15,north,Grocery,UPI,6.0,372.73,2236.38,44.0
ORD1373,2025-02-19,East,Toys,Cash,1.0,294.98,294.98,62.0
ORD1460,2025-07-15,South,Furniture,Credit Card,1.0,48.66,48.66,64.0
ORD1413,2025-05-22,West,Furniture,Credit Card,7.0,,2832.62,30.0
ORD1131,2025-12-22,north,Grocery,Cash,1.0,187.77,187.77,27.0
ORD1039,2025-04-22,SOUTH,Electronics,,9.0,7.51,67.59,63.0
ORD1434,2025-07-08,SOUTH,Electronics,cash ,1.0,113.44,113.44,60.0
ORD1215,2025-02-09,East,Toys,credit card,1.0,439.92,439.92,36.0
ORD1474,2025-08-07,South,Furniture,Cash,4.0,404.26,1617.04,52.0
ORD1456,2025-12-31,South,Toys,cash ,8.0,488.84,3910.72,20.0
ORD1260,2025-02-10,SOUTH,Furniture,credit card,8.0,291.81,2334.48,
ORD1035,2025-10-25,East,Furniture,UPI,9.0,260.73,2346.57,66.0
ORD1309,2025-10-14, East ,Electronics,UPI,9.0,411.79,3706.11,29.0
ORD1276,2025-10-16,North,Grocery,cash ,5.0,335.15,1675.75,58.0
ORD1393,2025-01-26,North,Clothing,,8.0,234.65,1877.2,25.0
ORD1107,2025-12-01,West,Clothing,Cash,1.0,475.01,475.01,21.0
ORD1577,2025-07-21,North,Clothing,cash ,5.0,489.58,2447.9,150.0
ORD1524,2025-08-29,South,Toys,Debit Card,4.0,118.97,475.88,50.0
ORD1047,2025-10-29,north,Grocery,Debit Card,1.0,42.3,42.3,38.0
ORD1203,2025-12-10,East,Toys,UPI,9.0,372.96,3356.64,21.0
ORD1021,2025-10-11,South,Clothing,credit card,9.0,,514.98,45.0
ORD1402,2025-01-21,SOUTH,Toys,UPI,4.0,,1994.2,48.0
ORD1083,2025-11-17,SOUTH,,Credit Card,7.0,493.07,3451.49,21.0
ORD1130,2025-01-20,North,Furniture,Credit Card,6.0,292.71,1756.26,28.0
ORD1415,2025-04-01,South,Furniture,,8.0,68.78,550.24,36.0
ORD1286,2025-10-27,West,Grocery,cash ,2.0,359.17,718.34,60.0
ORD1123,2025-08-24,East,Clothing,Credit Card,,184.73,923.65,43.0
ORD1033,2025-05-27,West,Furniture,Credit Card,1.0,201.8,201.8,
ORD1516,2025-08-16, East ,,Credit Card,,392.68,3141.44,42.0
ORD1019,2025-08-29,West,Toys,Debit Card,5.0,128.4,642.0,62.0
ORD1567,2025-06-17,East,Toys,Credit Card,5.0,360.63,1803.15,23.0
ORD1219,2025-06-09,East,Toys,cash ,7.0,84.58,592.06,53.0
ORD1481,2025-02-06,north,Toys,Debit Card,9.0,384.23,3458.07,53.0
ORD1356,2025-07-03,East,Grocery,credit card,7.0,290.7,2034.9,42.0
ORD1224,2025-12-18,West,Clothing,Debit Card,1.0,,386.64,34.0
ORD1092,2025-01-28,West,Toys,Credit Card,4.0,493.17,1972.68,34.0
ORD1151,2025-10-23,North,Grocery,Credit Card,5.0,492.5,2462.5,63.0
ORD1509,2025-10-30,north,Clothing,,5.0,455.98,2279.9,19.0
ORD1317,2025-02-18,South,Clothing,credit card,3.0,338.78,1016.34,59.0
ORD1448,2025-12-23,north,Electronics,Credit Card,7.0,,2864.96,55.0
ORD1522,2025-12-26,West,Furniture,Cash,1.0,175.87,175.87,69.0
ORD1279,2025-11-20,South,,cash ,,335.46,1341.84,23.0
ORD1349,2025-06-30, East ,Furniture,UPI,1.0,464.4,464.4,26.0
ORD1374,2025-07-17,North,Grocery,credit card,3.0,470.64,1411.92,59.0
ORD1400,2025-04-11,West,Grocery,credit card,4.0,400.3,1601.2,63.0
ORD1257,2025-07-05,SOUTH,Toys,,3.0,313.37,940.11,57.0
ORD1072,2025-12-23,North,Grocery,Credit Card,3.0,209.25,627.75,35.0
ORD1195,2025-07-29,North,Toys,UPI,2.0,,34.16,59.0
ORD1483,2025-03-16,East,Grocery,cash ,,8.01,16.02,36.0
ORD1137,2025-09-27,West,Grocery,credit card,5.0,,2041.05,31.0
ORD1494,2025-11-16,north,,Cash,9.0,183.32,1649.88,36.0
ORD1550,2025-06-30,West,Toys,credit card,5.0,383.95,36159.10952416129,23.0
ORD1462,2025-11-01,north,Clothing,,6.0,127.22,763.32,40.0
ORD1201,2025-03-14, East ,Electronics,Credit Card,8.0,66.6,532.8,54.0
ORD1312,2025-03-25,SOUTH,Clothing,Credit Card,5.0,413.9,2069.5,55.0
ORD1290,2025-06-07,,Clothing,Credit Card,4.0,412.47,1649.88,47.0
ORD1189,2025-03-30,West,Grocery,UPI,9.0,472.31,4250.79,
ORD1112,2025-10-04,north,Clothing,Debit Card,6.0,48.91,293.46,18.0
ORD1183,2025-08-15,,Grocery,Credit Card,2.0,,627.1,19.0
ORD1152,2025-07-01, East ,Electronics,Credit Card,6.0,261.82,1570.92,
ORD1325,2025-10-14,East,Toys,Cash,2.0,232.6,465.2,19.0
ORD1044,2025-08-14,north,Electronics,Debit Card,1.0,101.65,101.65,65.0
ORD1444,2025-09-15, East ,Toys,Credit Card,2.0,444.58,889.16,30.0
ORD1006,2025-06-16,South,Furniture,Credit Card,2.0,195.78,391.56,43.0
ORD1250,2025-02-24,SOUTH,Furniture,credit card,8.0,436.56,3492.48,
ORD1075,2025-08-05,SOUTH,Toys,Cash,3.0,197.65,592.95,29.0
ORD1512,2025-08-18,North,Furniture,Debit Card,1.0,263.04,263.04,29.0
ORD1391,2025-02-01, East ,Toys,Debit Card,4.0,379.59,1518.36,39.0
ORD1432,2025-08-06,East,Grocery,Debit Card,1.0,227.98,227.98,62.0
ORD1068,2025-11-19,North,Electronics,UPI,2.0,24.29,48.58,67.0
ORD1167,2025-06-14,SOUTH,Toys,cash ,7.0,448.69,3140.83,24.0
ORD1554,2025-07-09,north,Electronics,Cash,3.0,94.9,284.7,65.0
ORD1366,2025-07-05, East ,Furniture,Debit Card,8.0,303.73,2429.84,51.0
ORD1345,2025-09-18,north,Clothing,cash ,1.0,151.25,151.25,57.0
ORD1584,2025-11-22,North,Grocery,Debit Card,2.0,433.72,867.44,18.0
ORD1535,2025-06-05,South,Grocery,credit card,8.0,,3240.0,57.0
ORD1398,2025-09-25,South,Grocery,credit card,3.0,449.11,1347.33,60.0
ORD1185,2025-02-11,North,Grocery,Cash,2.0,400.71,801.42,61.0
ORD1348,2025-09-23,,Furniture,,8.0,61.41,491.28,30.0
ORD1211,2025-02-09,North,Toys,Cash,2.0,207.18,414.36,32.0
ORD1579,2025-03-12,East,Grocery,UPI,2.0,244.1,488.2,33.0
ORD1502,2025-12-21,,Clothing,cash ,3.0,188.06,10626.511999656892,24.0
ORD1537,2025-12-30,north,Toys,UPI,4.0,148.0,592.0,44.0
ORD1196,2025-02-03,SOUTH,Grocery,credit card,2.0,469.84,939.68,52.0
ORD1175,2025-06-03,South,Toys,,2.0,139.79,279.58,28.0
